name,detail_url,icon_url,icon_file,international,korean,mu_id,number,base_attributes,class_limit,lucky_attributes,excellent_attributes,monster_drops,enhance_levels,life_levels
烈火之翼,https://mu.dvg.cn/item_info.php?id=9550,https://mu.dvg.cn/source/n_itemlitpic/Wing502.png,output\icons_64x64\烈火之翼.png,韩服：멸화의날개,멸화의날개,1012181,12-181,"[""Alt+鼠标右击时显示5代翅膀(披风)窗"", ""攻击力 : 300"", ""防御力 : 900"", ""伤害增加55%"", ""伤害吸收43%"", ""补正伤害 +1"", ""移动速度提高"", ""耐久：[235/235]"", ""需求等级：1200""]","[""剑士""]","[""概率附加追加属性/必定附加特殊属性(2条)"", ""随机产生结果中一种道具"", """"]",[],[],"{""+0"": [""Alt+鼠标右击时显示5代翅膀(披风)窗"", ""攻击力 : 300"", ""防御力 : 900"", ""伤害增加55%"", ""伤害吸收43%"", ""补正伤害 +1"", ""移动速度提高"", ""耐久：[235/235]"", ""需求等级：1200""], ""+1"": [""Alt+鼠标右击时显示5代翅膀(披风)窗"", ""攻击力 : 323"", ""防御力 : 918"", ""伤害增加56%"", ""伤害吸收45%"", ""补正伤害 +2"", ""移动速度提高"", ""耐久：[236/236]"", ""需求等级：1200""], ""+2"": [""Alt+鼠标右击时显示5代翅膀(披风)窗"", ""攻击力 : 369"", ""防御力 : 950"", ""伤害增加57%"", ""伤害吸收47%"", ""补正伤害 +3"", ""移动速度提高"", ""耐久：[237/237]"", ""需求等级：1200""], ""+3"": [""Alt+鼠标右击时显示5代翅膀(披风)窗"", ""攻击力 : 433"", ""防御力 : 993"", ""伤害增加58%"", ""伤害吸收49%"", ""补正伤害 +4"", ""移动速度提高"", ""耐久：[238/238]"", ""需求等级：1200""], ""+4"": [""Alt+鼠标右击时显示5代翅膀(披风)窗"", ""攻击力 : 511"", ""防御力 : 1044"", ""伤害增加59%"", ""伤害吸收51%"", ""补正伤害 +5"", ""移动速度提高"", ""耐久：[239/239]"", ""需求等级：1200""], ""+5"": [""Alt+鼠标右击时显示5代翅膀(披风)窗"", ""攻击力 : 602"", ""防御力 : 1101"", ""伤害增加60%"", ""伤害吸收53%"", ""补正伤害 +6"", ""移动速度提高"", ""耐久：[241/241]"", ""需求等级：1200""], ""+6"": [""Alt+鼠标右击时显示5代翅膀(披风)窗"", ""攻击力 : 704"", ""防御力 : 1164"", ""伤害增加61%"", ""伤害吸收55%"", ""补正伤害 +7"", ""移动速度提高"", ""耐久：[243/243]"", ""需求等级：1200""], ""+7"": [""Alt+鼠标右击时显示5代翅膀(披风)窗"", ""攻击力 : 817"", ""防御力 : 1233"", ""伤害增加62%"", ""伤害吸收57%"", ""补正伤害 +8"", ""移动速度提高"", ""耐久：[245/245]"", ""需求等级：1200""], ""+8"": [""Alt+鼠标右击时显示5代翅膀(披风)窗"", ""攻击力 : 940"", ""防御力 : 1307"", ""伤害增加63%"", ""伤害吸收59%"", ""补正伤害 +9"", ""移动速度提高"", ""耐久：[247/247]"", ""需求等级：1200""], ""+9"": [""Alt+鼠标右击时显示5代翅膀(披风)窗"", ""攻击力 : 1073"", ""防御力 : 1386"", ""伤害增加64%"", ""伤害吸收61%"", ""补正伤害 +10"", ""移动速度提高"", ""耐久：[249/249]"", ""需求等级：1200""], ""+10"": [""Alt+鼠标右击时显示5代翅膀(披风)窗"", ""攻击力 : 1215"", ""防御力 : 1469"", ""伤害增加65%"", ""伤害吸收63%"", ""补正伤害 +11"", ""移动速度提高"", ""耐久：[252/252]"", ""需求等级：1200""], ""+11"": [""Alt+鼠标右击时显示5代翅膀(披风)窗"", ""攻击力 : 1366"", ""防御力 : 1584"", ""伤害增加66%"", ""伤害吸收65%"", ""补正伤害 +12"", ""移动速度提高"", ""耐久：[255/255]"", ""需求等级：1200""], ""+12"": [""Alt+鼠标右击时显示5代翅膀(披风)窗"", ""攻击力 : 1525"", ""防御力 : 1766"", ""伤害增加67%"", ""伤害吸收67%"", ""补正伤害 +13"", ""移动速度提高"", ""耐久：[255/255]"", ""需求等级：1200""], ""+13"": [""Alt+鼠标右击时显示5代翅膀(披风)窗"", ""攻击力 : 1693"", ""防御力 : 2017"", ""伤害增加68%"", ""伤害吸收69%"", ""补正伤害 +14"", ""移动速度提高"", ""耐久：[255/255]"", ""需求等级：1200""], ""+14"": [""Alt+鼠标右击时显示5代翅膀(披风)窗"", ""攻击力 : 1868"", ""防御力 : 2340"", ""伤害增加69%"", ""伤害吸收71%"", ""补正伤害 +15"", ""移动速度提高"", ""耐久：[255/255]"", ""需求等级：1200""], ""+15"": [""Alt+鼠标右击时显示5代翅膀(披风)窗"", ""攻击力 : 2051"", ""防御力 : 2737"", ""伤害增加70%"", ""伤害吸收73%"", ""补正伤害 +16"", ""移动速度提高"", ""耐久：[255/255]"", ""需求等级：1200""]}","{""+0"": [""Alt+鼠标右击时显示5代翅膀(披风)窗"", ""攻击力 : 2051"", ""防御力 : 2737"", ""伤害增加70%"", ""伤害吸收73%"", ""补正伤害 +16"", ""移动速度提高"", ""耐久：[255/255]"", ""需求等级：1200""], ""+1"": [""Alt+鼠标右击时显示5代翅膀(披风)窗"", ""攻击力 : 2051"", ""防御力 : 2737"", ""伤害增加70%"", ""伤害吸收73%"", ""补正伤害 +16"", ""移动速度提高"", ""耐久：[255/255]"", ""需求等级：1200"", ""攻击力/魔法攻击力/诅咒能力增加+4"", ""生命自动回复+1%""], ""+2"": [""Alt+鼠标右击时显示5代翅膀(披风)窗"", ""攻击力 : 2051"", ""防御力 : 2737"", ""伤害增加70%"", ""伤害吸收73%"", ""补正伤害 +16"", ""移动速度提高"", ""耐久：[255/255]"", ""需求等级：1200"", ""攻击力/魔法攻击力/诅咒能力增加+8"", ""生命自动回复+2%""], ""+3"": [""Alt+鼠标右击时显示5代翅膀(披风)窗"", ""攻击力 : 2051"", ""防御力 : 2737"", ""伤害增加70%"", ""伤害吸收73%"", ""补正伤害 +16"", ""移动速度提高"", ""耐久：[255/255]"", ""需求等级：1200"", ""攻击力/魔法攻击力/诅咒能力增加+12"", ""生命自动回复+3%""], ""+4"": [""Alt+鼠标右击时显示5代翅膀(披风)窗"", ""攻击力 : 2051"", ""防御力 : 2737"", ""伤害增加70%"", ""伤害吸收73%"", ""补正伤害 +16"", ""移动速度提高"", ""耐久：[255/255]"", ""需求等级：1200"", ""攻击力/魔法攻击力/诅咒能力增加+16"", ""生命自动回复+4%""]}"
火神之翼,https://mu.dvg.cn/item_info.php?id=3742,https://mu.dvg.cn/source/n_itemlitpic/wing402.png,output\icons_64x64\火神之翼.png,Wings of Flame God,화신의날개,1012415,12-415,"[""攻击力 : 100"", ""防御力 : 140"", ""伤害增加 55%"", ""伤害吸收 43%"", ""移动速度提高"", ""耐久：[235/235]"", ""需求等级：800""]","[""剑士""]","[""幸运(灵魂宝石之成功机率 +25%)"", ""幸运(会心一击率 +5%)"", ""翅膀属性"", ""可能的特殊属性："", ""魔法值完全恢复几率提高 +(3%/5%/6%/7%)"", ""完全恢复生命的概率增加 +(3%/5%/6%/7%)"", ""反弹攻击力几率提高 +(3%/5%/6%/7%)"", ""无视敌人防御力的概率增加 +(3%/5%/6%/7%)"", ""攻击(魔法)速度 增加 +(5/7/9/12)"", ""卓越一击几率增加 +(3%/5%/7%/10%)"", ""双倍伤害几率增加 +(3%/5%/6%/7%)"", ""力量增加 (+10/+25/+40/+65)"", ""体力增加 (+10/+25/+40/+65)"", ""智力增加 (+10/+25/+40/+65)"", ""敏捷增加 (+10/+25/+40/+65)"", ""可能的元素属性（最多2条） +0"", ""属性防御力 (*必带) +25"", ""属性攻击力 +20"", ""属性攻击成功率 +5"", ""属性防御成功率 +5"", ""属性防御力(‖) +4"", ""属性攻击力(‖) +30"", ""属性攻击成功率(‖) +10"", ""属性防御成功率(‖) +10"", """", ""合成公式"", ""合成四代翅膀/披风"", ""合成相关信息\t合成所需材料"", ""基础成功率:5%"", ""最高成功率:24%(34%)"", ""所需奇迹币:20,000,000"", ""合成NPC:仙踪林 [NPC]玛雅哥布林(180,103)"", ""4代翅膀圣物 x1"", ""高级魔晶石 x1"", ""辅助道具(可选)"", ""高级魔晶石 x1 (5%)"", ""幸运符咒 x1 (10%)"", ""可产生道具/属性说明"", ""火神之翼 x1"", ""天体之翼 x1"", ""苍穹之翼 x1"", ""灭亡之翼 x1"", ""宿命之翼 x1"", ""异界之翼 x1"", ""判决之翼 x1"", ""主宰披风 x1"", ""审判披风 x1"", ""超然披风 x1"", ""赤血之翼 x1"", ""圣徒披风 x1"", ""火焰之翼 x1"", ""赤影披风 x1"", ""概率附加幸运属性/追加属性/特殊属性"", ""随机产生结果中一种道具"", ""[旧]合成四代翅膀/披风"", ""合成相关信息\t合成所需材料"", ""基础成功率:5%"", ""最高成功率:40%(50%)"", ""所需奇迹币:20,000,000"", ""合成NPC:仙踪林 [NPC]玛雅哥布林(180,103)"", ""加鲁达之羽 x1"", ""加鲁达之火种 x1"", ""黄金纹章 x50"", ""祝福宝石 x30"", ""灵魂宝石 x30"", ""创造宝石 x30"", ""玛雅之石 x30"", ""辅助道具(可选)"", ""高级魔晶石 x1 (5%)"", ""幸运符咒 x1 (10%)"", ""可产生道具/属性说明"", ""火神之翼 x1"", ""天体之翼 x1"", ""苍穹之翼 x1"", ""灭亡之翼 x1"", ""宿命之翼 x1"", ""异界之翼 x1"", ""判决之翼 x1"", ""主宰披风 x1"", ""审判披风 x1"", ""超然披风 x1"", ""赤血之翼 x1"", ""圣徒披风 x1"", ""火焰之翼 x1"", ""赤影披风 x1"", ""概率附加幸运属性/追加属性/特殊属性"", ""随机产生结果中一种道具"", """"]",[],[],"{""+0"": [""攻击力 : 100"", ""防御力 : 140"", ""伤害增加 55%"", ""伤害吸收 43%"", ""移动速度提高"", ""耐久：[235/235]"", ""需求等级：800""], ""+1"": [""攻击力 : 111"", ""防御力 : 155"", ""伤害增加 56%"", ""伤害吸收 45%"", ""移动速度提高"", ""耐久：[236/236]"", ""需求等级：800""], ""+2"": [""攻击力 : 127"", ""防御力 : 182"", ""伤害增加 57%"", ""伤害吸收 47%"", ""移动速度提高"", ""耐久：[237/237]"", ""需求等级：800""], ""+3"": [""攻击力 : 144"", ""防御力 : 217"", ""伤害增加 58%"", ""伤害吸收 49%"", ""移动速度提高"", ""耐久：[238/238]"", ""需求等级：800""], ""+4"": [""攻击力 : 162"", ""防御力 : 260"", ""伤害增加 59%"", ""伤害吸收 51%"", ""移动速度提高"", ""耐久：[239/239]"", ""需求等级：800""], ""+5"": [""攻击力 : 181"", ""防御力 : 307"", ""伤害增加 60%"", ""伤害吸收 53%"", ""移动速度提高"", ""耐久：[241/241]"", ""需求等级：800""], ""+6"": [""攻击力 : 201"", ""防御力 : 360"", ""伤害增加 61%"", ""伤害吸收 55%"", ""移动速度提高"", ""耐久：[243/243]"", ""需求等级：800""], ""+7"": [""攻击力 : 221"", ""防御力 : 417"", ""伤害增加 62%"", ""伤害吸收 57%"", ""移动速度提高"", ""耐久：[245/245]"", ""需求等级：800""], ""+8"": [""攻击力 : 243"", ""防御力 : 479"", ""伤害增加 63%"", ""伤害吸收 59%"", ""移动速度提高"", ""耐久：[247/247]"", ""需求等级：800""], ""+9"": [""攻击力 : 264"", ""防御力 : 545"", ""伤害增加 64%"", ""伤害吸收 61%"", ""移动速度提高"", ""耐久：[249/249]"", ""需求等级：800""], ""+10"": [""攻击力 : 287"", ""防御力 : 614"", ""伤害增加 65%"", ""伤害吸收 63%"", ""移动速度提高"", ""耐久：[252/252]"", ""需求等级：800""], ""+11"": [""攻击力 : 309"", ""防御力 : 700"", ""伤害增加 66%"", ""伤害吸收 65%"", ""移动速度提高"", ""耐久：[255/255]"", ""需求等级：800""], ""+12"": [""攻击力 : 332"", ""防御力 : 818"", ""伤害增加 67%"", ""伤害吸收 67%"", ""移动速度提高"", ""耐久：[255/255]"", ""需求等级：800""], ""+13"": [""攻击力 : 356"", ""防御力 : 972"", ""伤害增加 68%"", ""伤害吸收 69%"", ""移动速度提高"", ""耐久：[255/255]"", ""需求等级：800""], ""+14"": [""攻击力 : 380"", ""防御力 : 1159"", ""伤害增加 69%"", ""伤害吸收 71%"", ""移动速度提高"", ""耐久：[255/255]"", ""需求等级：800""], ""+15"": [""攻击力 : 404"", ""防御力 : 1384"", ""伤害增加 70%"", ""伤害吸收 73%"", ""移动速度提高"", ""耐久：[255/255]"", ""需求等级：800""]}","{""+0"": [""攻击力 : 404"", ""防御力 : 1384"", ""伤害增加 70%"", ""伤害吸收 73%"", ""移动速度提高"", ""耐久：[255/255]"", ""需求等级：800""], ""+1"": [""攻击力 : 404"", ""防御力 : 1384"", ""伤害增加 70%"", ""伤害吸收 73%"", ""移动速度提高"", ""耐久：[255/255]"", ""需求等级：800"", ""攻击力/魔法攻击力/诅咒能力增加+4"", ""生命自动回复+1%"", ""防御力增加+4""], ""+2"": [""攻击力 : 404"", ""防御力 : 1384"", ""伤害增加 70%"", ""伤害吸收 73%"", ""移动速度提高"", ""耐久：[255/255]"", ""需求等级：800"", ""攻击力/魔法攻击力/诅咒能力增加+8"", ""生命自动回复+2%"", ""防御力增加+8""], ""+3"": [""攻击力 : 404"", ""防御力 : 1384"", ""伤害增加 70%"", ""伤害吸收 73%"", ""移动速度提高"", ""耐久：[255/255]"", ""需求等级：800"", ""攻击力/魔法攻击力/诅咒能力增加+12"", ""生命自动回复+3%"", ""防御力增加+12""], ""+4"": [""攻击力 : 404"", ""防御力 : 1384"", ""伤害增加 70%"", ""伤害吸收 73%"", ""移动速度提高"", ""耐久：[255/255]"", ""需求等级：800"", ""攻击力/魔法攻击力/诅咒能力增加+16"", ""生命自动回复+4%"", ""防御力增加+16""]}"
权能之翼,https://mu.dvg.cn/item_info.php?id=3786,https://mu.dvg.cn/source/n_itemlitpic/wingsofpower.png,output\icons_64x64\权能之翼.png,Wings of Authority,권능의날개,1012480,12-480,"[""攻击力/魔法攻击力/诅咒力: 300"", ""防御力: 700"", ""伤害增加65%%"", ""伤害吸收65%%"", ""移动速度提高"", ""耐久：[235/235]"", ""需求等级：0""]","[""全职业""]","[""幸运(灵魂宝石之成功机率 +25%)"", ""幸运(会心一击率 +5%)"", ""翅膀属性"", ""可能的特殊属性："", """"]",[],[],"{""+0"": [""攻击力/魔法攻击力/诅咒力: 300"", ""防御力: 700"", ""伤害增加65%%"", ""伤害吸收65%%"", ""移动速度提高"", ""耐久：[235/235]"", ""需求等级：0""], ""+1"": [""攻击力/魔法攻击力/诅咒力: 300"", ""防御力: 700"", ""伤害增加65%%"", ""伤害吸收65%%"", ""移动速度提高"", ""耐久：[236/236]"", ""需求等级：0""], ""+2"": [""攻击力/魔法攻击力/诅咒力: 300"", ""防御力: 700"", ""伤害增加65%%"", ""伤害吸收65%%"", ""移动速度提高"", ""耐久：[237/237]"", ""需求等级：0""], ""+3"": [""攻击力/魔法攻击力/诅咒力: 300"", ""防御力: 700"", ""伤害增加65%%"", ""伤害吸收65%%"", ""移动速度提高"", ""耐久：[238/238]"", ""需求等级：0""], ""+4"": [""攻击力/魔法攻击力/诅咒力: 300"", ""防御力: 700"", ""伤害增加65%%"", ""伤害吸收65%%"", ""移动速度提高"", ""耐久：[239/239]"", ""需求等级：0""], ""+5"": [""攻击力/魔法攻击力/诅咒力: 300"", ""防御力: 700"", ""伤害增加65%%"", ""伤害吸收65%%"", ""移动速度提高"", ""耐久：[241/241]"", ""需求等级：0""], ""+6"": [""攻击力/魔法攻击力/诅咒力: 300"", ""防御力: 700"", ""伤害增加65%%"", ""伤害吸收65%%"", ""移动速度提高"", ""耐久：[243/243]"", ""需求等级：0""], ""+7"": [""攻击力/魔法攻击力/诅咒力: 300"", ""防御力: 700"", ""伤害增加65%%"", ""伤害吸收65%%"", ""移动速度提高"", ""耐久：[245/245]"", ""需求等级：0""], ""+8"": [""攻击力/魔法攻击力/诅咒力: 300"", ""防御力: 700"", ""伤害增加65%%"", ""伤害吸收65%%"", ""移动速度提高"", ""耐久：[247/247]"", ""需求等级：0""], ""+9"": [""攻击力/魔法攻击力/诅咒力: 300"", ""防御力: 700"", ""伤害增加65%%"", ""伤害吸收65%%"", ""移动速度提高"", ""耐久：[249/249]"", ""需求等级：0""], ""+10"": [""攻击力/魔法攻击力/诅咒力: 300"", ""防御力: 700"", ""伤害增加65%%"", ""伤害吸收65%%"", ""移动速度提高"", ""耐久：[252/252]"", ""需求等级：0""], ""+11"": [""攻击力/魔法攻击力/诅咒力: 300"", ""防御力: 700"", ""伤害增加65%%"", ""伤害吸收65%%"", ""移动速度提高"", ""耐久：[255/255]"", ""需求等级：0""], ""+12"": [""攻击力/魔法攻击力/诅咒力: 300"", ""防御力: 700"", ""伤害增加65%%"", ""伤害吸收65%%"", ""移动速度提高"", ""耐久：[255/255]"", ""需求等级：0""], ""+13"": [""攻击力/魔法攻击力/诅咒力: 300"", ""防御力: 700"", ""伤害增加65%%"", ""伤害吸收65%%"", ""移动速度提高"", ""耐久：[255/255]"", ""需求等级：0""], ""+14"": [""攻击力/魔法攻击力/诅咒力: 300"", ""防御力: 700"", ""伤害增加65%%"", ""伤害吸收65%%"", ""移动速度提高"", ""耐久：[255/255]"", ""需求等级：0""], ""+15"": [""攻击力/魔法攻击力/诅咒力: 300"", ""防御力: 700"", ""伤害增加65%%"", ""伤害吸收65%%"", ""移动速度提高"", ""耐久：[255/255]"", ""需求等级：0""]}","{""+0"": [""攻击力/魔法攻击力/诅咒力: 300"", ""防御力: 700"", ""伤害增加65%%"", ""伤害吸收65%%"", ""移动速度提高"", ""耐久：[255/255]"", ""需求等级：0""], ""+1"": [""攻击力/魔法攻击力/诅咒力: 300"", ""防御力: 700"", ""伤害增加65%%"", ""伤害吸收65%%"", ""移动速度提高"", ""耐久：[255/255]"", ""需求等级：0"", ""攻击力/魔法攻击力/诅咒能力增加+4"", ""生命自动回复+1%""], ""+2"": [""攻击力/魔法攻击力/诅咒力: 300"", ""防御力: 700"", ""伤害增加65%%"", ""伤害吸收65%%"", ""移动速度提高"", ""耐久：[255/255]"", ""需求等级：0"", ""攻击力/魔法攻击力/诅咒能力增加+8"", ""生命自动回复+2%""], ""+3"": [""攻击力/魔法攻击力/诅咒力: 300"", ""防御力: 700"", ""伤害增加65%%"", ""伤害吸收65%%"", ""移动速度提高"", ""耐久：[255/255]"", ""需求等级：0"", ""攻击力/魔法攻击力/诅咒能力增加+12"", ""生命自动回复+3%""], ""+4"": [""攻击力/魔法攻击力/诅咒力: 300"", ""防御力: 700"", ""伤害增加65%%"", ""伤害吸收65%%"", ""移动速度提高"", ""耐久：[255/255]"", ""需求等级：0"", ""攻击力/魔法攻击力/诅咒能力增加+16"", ""生命自动回复+4%""]}"
暴风之翼,https://mu.dvg.cn/item_info.php?id=3570,https://mu.dvg.cn/source/n_itemlitpic/wing08.png,output\icons_64x64\暴风之翼.png,Wing of Storm,폭풍의날개,1012036,12-36,"[""防御力: 60"", ""伤害提高 39%"", ""伤害吸收 39%"", ""移动速度提高"", ""耐久：[235/235]"", ""需求等级：400""]","[""剑士""]","[""幸运(灵魂宝石之成功机率 +25%)"", ""幸运(会心一击率 +5%)"", ""翅膀属性"", ""可能的特殊属性："", ""魔法值完全恢复几率提高 +5%"", ""完全恢复生命的概率增加 5%"", ""反弹攻击力几率提高 +5%"", ""无视敌人防御力的概率增加 +5%"", """", ""合成公式"", ""合成三代翅膀/披风"", ""合成相关信息\t合成所需材料"", ""基础成功率:5%"", ""最高成功率:24%(34%)"", ""所需奇迹币:15,000,000"", ""合成NPC:仙踪林 [NPC]玛雅哥布林(180,103)"", ""3代翅膀圣物 x1"", ""高级魔晶石 x1"", ""辅助道具(可选)"", ""高级魔晶石 x1 (5%)"", ""幸运符咒 x1 (10%)"", ""可产生道具/属性说明"", ""暴风之翼 x1"", ""幻影之翼 x1"", ""时空之翼 x1"", ""破灭之翼 x1"", ""幻灭之翼 x1"", ""次元之翼 x1"", ""沉默之翼 x1"", ""帝王披风 x1"", ""斗皇披风 x1"", ""超越披风 x1"", ""血羽之翼 x1"", ""星月披风 x1"", ""先知之翼 x1"", ""星魂披风 x1"", ""概率附加幸运属性/追加属性/特殊属性"", ""随机产生结果中一种道具"", ""[旧]合成三代翅膀/披风"", ""合成相关信息\t合成所需材料"", ""基础成功率:5%"", ""最高成功率:40%(50%)"", ""所需奇迹币:15,000,000"", ""合成NPC:仙踪林 [NPC]玛雅哥布林(180,103)"", ""神鹰之羽 x1"", ""神鹰火种 x1"", ""祝福宝石 x30"", ""灵魂宝石 x30"", ""创造宝石 x30"", ""玛雅之石 x30"", ""高级魔晶石 x1"", ""辅助道具(可选)"", ""高级魔晶石 x1 (5%)"", ""幸运符咒 x1 (10%)"", ""可产生道具/属性说明"", ""暴风之翼 x1"", ""幻影之翼 x1"", ""时空之翼 x1"", ""破灭之翼 x1"", ""幻灭之翼 x1"", ""次元之翼 x1"", ""沉默之翼 x1"", ""帝王披风 x1"", ""斗皇披风 x1"", ""超越披风 x1"", ""血羽之翼 x1"", ""星月披风 x1"", ""先知之翼 x1"", ""星魂披风 x1"", ""概率附加幸运属性/追加属性/特殊属性"", ""随机产生结果中一种道具"", """"]",[],[],"{""+0"": [""防御力: 60"", ""伤害提高 39%"", ""伤害吸收 39%"", ""移动速度提高"", ""耐久：[235/235]"", ""需求等级：400""], ""+1"": [""防御力: 64"", ""伤害提高 41%"", ""伤害吸收 41%"", ""移动速度提高"", ""耐久：[236/236]"", ""需求等级：400""], ""+2"": [""防御力: 68"", ""伤害提高 43%"", ""伤害吸收 43%"", ""移动速度提高"", ""耐久：[237/237]"", ""需求等级：400""], ""+3"": [""防御力: 72"", ""伤害提高 45%"", ""伤害吸收 45%"", ""移动速度提高"", ""耐久：[238/238]"", ""需求等级：400""], ""+4"": [""防御力: 76"", ""伤害提高 47%"", ""伤害吸收 47%"", ""移动速度提高"", ""耐久：[239/239]"", ""需求等级：400""], ""+5"": [""防御力: 80"", ""伤害提高 49%"", ""伤害吸收 49%"", ""移动速度提高"", ""耐久：[241/241]"", ""需求等级：400""], ""+6"": [""防御力: 84"", ""伤害提高 51%"", ""伤害吸收 51%"", ""移动速度提高"", ""耐久：[243/243]"", ""需求等级：400""], ""+7"": [""防御力: 88"", ""伤害提高 53%"", ""伤害吸收 53%"", ""移动速度提高"", ""耐久：[245/245]"", ""需求等级：400""], ""+8"": [""防御力: 92"", ""伤害提高 55%"", ""伤害吸收 55%"", ""移动速度提高"", ""耐久：[247/247]"", ""需求等级：400""], ""+9"": [""防御力: 96"", ""伤害提高 57%"", ""伤害吸收 57%"", ""移动速度提高"", ""耐久：[249/249]"", ""需求等级：400""], ""+10"": [""防御力: 101"", ""伤害提高 59%"", ""伤害吸收 59%"", ""移动速度提高"", ""耐久：[252/252]"", ""需求等级：400""], ""+11"": [""防御力: 107"", ""伤害提高 61%"", ""伤害吸收 61%"", ""移动速度提高"", ""耐久：[255/255]"", ""需求等级：400""], ""+12"": [""防御力: 114"", ""伤害提高 63%"", ""伤害吸收 63%"", ""移动速度提高"", ""耐久：[255/255]"", ""需求等级：400""], ""+13"": [""防御力: 122"", ""伤害提高 65%"", ""伤害吸收 65%"", ""移动速度提高"", ""耐久：[255/255]"", ""需求等级：400""], ""+14"": [""防御力: 131"", ""伤害提高 67%"", ""伤害吸收 67%"", ""移动速度提高"", ""耐久：[255/255]"", ""需求等级：400""], ""+15"": [""防御力: 141"", ""伤害提高 69%"", ""伤害吸收 69%"", ""移动速度提高"", ""耐久：[255/255]"", ""需求等级：400""]}","{""+0"": [""防御力: 141"", ""伤害提高 69%"", ""伤害吸收 69%"", ""移动速度提高"", ""耐久：[255/255]"", ""需求等级：400""], ""+1"": [""防御力: 141"", ""伤害提高 69%"", ""伤害吸收 69%"", ""移动速度提高"", ""耐久：[255/255]"", ""需求等级：400"", ""攻击力/魔法攻击力/诅咒能力增加+4"", ""生命自动回复+1%"", ""防御力增加+4""], ""+2"": [""防御力: 141"", ""伤害提高 69%"", ""伤害吸收 69%"", ""移动速度提高"", ""耐久：[255/255]"", ""需求等级：400"", ""攻击力/魔法攻击力/诅咒能力增加+8"", ""生命自动回复+2%"", ""防御力增加+8""], ""+3"": [""防御力: 141"", ""伤害提高 69%"", ""伤害吸收 69%"", ""移动速度提高"", ""耐久：[255/255]"", ""需求等级：400"", ""攻击力/魔法攻击力/诅咒能力增加+12"", ""生命自动回复+3%"", ""防御力增加+12""], ""+4"": [""防御力: 141"", ""伤害提高 69%"", ""伤害吸收 69%"", ""移动速度提高"", ""耐久：[255/255]"", ""需求等级：400"", ""攻击力/魔法攻击力/诅咒能力增加+16"", ""生命自动回复+4%"", ""防御力增加+16""]}"
征服者的翅膀,https://mu.dvg.cn/item_info.php?id=3673,https://mu.dvg.cn/source/n_itemlitpic/conquerorwing.png,output\icons_64x64\征服者的翅膀.png,Wings of Conqueror,정복자의날개,1012268,12-268,"[""攻击力/魔力/咒诅力:%d"", ""防御力: 60"", ""伤害提高 39%"", ""伤害吸收 39%"", ""需求等级：400"", ""移动速度提高""]","[""全职业""]","[""幸运(灵魂宝石之成功机率 +25%)"", ""幸运(会心一击率 +5%)"", ""翅膀属性"", ""可能的特殊属性："", ""魔法值完全恢复几率提高 +5%"", ""完全恢复生命的概率增加 5%"", ""反弹攻击力几率提高 +5%"", ""无视敌人防御力的概率增加 +5%"", """", ""合成公式"", ""征服者的翅膀"", ""合成相关信息\t合成所需材料"", ""基础成功率:100%"", ""最高成功率:100%"", ""所需奇迹币:10,000,000"", ""合成NPC:仙踪林 [NPC]玛雅哥布林(180,103)"", ""征服者的信物 x1"", ""祝福宝石 x10"", ""灵魂宝石 x10"", ""生命宝石 x10"", ""玛雅之石 x1"", ""辅助道具(可选)"", ""可产生道具/属性说明"", ""征服者的翅膀 x1"", ""必定附加幸运属性/追加属性/特殊属性"", """"]",[],[],"{""+0"": [""攻击力/魔力/咒诅力:%d"", ""防御力: 60"", ""伤害提高 39%"", ""伤害吸收 39%"", ""需求等级：400"", ""移动速度提高""], ""+1"": [""攻击力/魔力/咒诅力:%d"", ""防御力: 64"", ""伤害提高 41%"", ""伤害吸收 41%"", ""需求等级：400"", ""移动速度提高""], ""+2"": [""攻击力/魔力/咒诅力:%d"", ""防御力: 68"", ""伤害提高 43%"", ""伤害吸收 43%"", ""需求等级：400"", ""移动速度提高""], ""+3"": [""攻击力/魔力/咒诅力:%d"", ""防御力: 72"", ""伤害提高 45%"", ""伤害吸收 45%"", ""需求等级：400"", ""移动速度提高""], ""+4"": [""攻击力/魔力/咒诅力:%d"", ""防御力: 76"", ""伤害提高 47%"", ""伤害吸收 47%"", ""需求等级：400"", ""移动速度提高""], ""+5"": [""攻击力/魔力/咒诅力:%d"", ""防御力: 80"", ""伤害提高 49%"", ""伤害吸收 49%"", ""需求等级：400"", ""移动速度提高""], ""+6"": [""攻击力/魔力/咒诅力:%d"", ""防御力: 84"", ""伤害提高 51%"", ""伤害吸收 51%"", ""需求等级：400"", ""移动速度提高""], ""+7"": [""攻击力/魔力/咒诅力:%d"", ""防御力: 88"", ""伤害提高 53%"", ""伤害吸收 53%"", ""需求等级：400"", ""移动速度提高""], ""+8"": [""攻击力/魔力/咒诅力:%d"", ""防御力: 92"", ""伤害提高 55%"", ""伤害吸收 55%"", ""需求等级：400"", ""移动速度提高""], ""+9"": [""攻击力/魔力/咒诅力:%d"", ""防御力: 96"", ""伤害提高 57%"", ""伤害吸收 57%"", ""需求等级：400"", ""移动速度提高""], ""+10"": [""攻击力/魔力/咒诅力:%d"", ""防御力: 101"", ""伤害提高 59%"", ""伤害吸收 59%"", ""需求等级：400"", ""移动速度提高""], ""+11"": [""攻击力/魔力/咒诅力:%d"", ""防御力: 107"", ""伤害提高 61%"", ""伤害吸收 61%"", ""需求等级：400"", ""移动速度提高""], ""+12"": [""攻击力/魔力/咒诅力:%d"", ""防御力: 114"", ""伤害提高 63%"", ""伤害吸收 63%"", ""需求等级：400"", ""移动速度提高""], ""+13"": [""攻击力/魔力/咒诅力:%d"", ""防御力: 122"", ""伤害提高 65%"", ""伤害吸收 65%"", ""需求等级：400"", ""移动速度提高""], ""+14"": [""攻击力/魔力/咒诅力:%d"", ""防御力: 131"", ""伤害提高 67%"", ""伤害吸收 67%"", ""需求等级：400"", ""移动速度提高""], ""+15"": [""攻击力/魔力/咒诅力:%d"", ""防御力: 141"", ""伤害提高 69%"", ""伤害吸收 69%"", ""需求等级：400"", ""移动速度提高""]}","{""+0"": [""攻击力/魔力/咒诅力:%d"", ""防御力: 141"", ""伤害提高 69%"", ""伤害吸收 69%"", ""需求等级：400"", ""移动速度提高""], ""+1"": [""攻击力/魔力/咒诅力:%d"", ""防御力: 141"", ""伤害提高 69%"", ""伤害吸收 69%"", ""需求等级：400"", ""移动速度提高"", ""攻击力/魔法攻击力/诅咒能力增加+4"", ""生命自动回复+1%"", ""防御力增加+4""], ""+2"": [""攻击力/魔力/咒诅力:%d"", ""防御力: 141"", ""伤害提高 69%"", ""伤害吸收 69%"", ""需求等级：400"", ""移动速度提高"", ""攻击力/魔法攻击力/诅咒能力增加+8"", ""生命自动回复+2%"", ""防御力增加+8""], ""+3"": [""攻击力/魔力/咒诅力:%d"", ""防御力: 141"", ""伤害提高 69%"", ""伤害吸收 69%"", ""需求等级：400"", ""移动速度提高"", ""攻击力/魔法攻击力/诅咒能力增加+12"", ""生命自动回复+3%"", ""防御力增加+12""], ""+4"": [""攻击力/魔力/咒诅力:%d"", ""防御力: 141"", ""伤害提高 69%"", ""伤害吸收 69%"", ""需求等级：400"", ""移动速度提高"", ""攻击力/魔法攻击力/诅咒能力增加+16"", ""生命自动回复+4%"", ""防御力增加+16""]}"
[绑定]暴风之翼,https://mu.dvg.cn/item_info.php?id=3758,https://mu.dvg.cn/source/n_itemlitpic/wing08.png,output\icons_64x64\[绑定]暴风之翼.png,[Bound]Wings of Storm,[귀속]폭풍의날개,1012431,12-431,"[""防御力: 60"", ""伤害提高 39%"", ""伤害吸收 39%"", ""移动速度提高"", ""耐久：[235/235]"", ""需求等级：400""]","[""剑士""]","[""幸运(灵魂宝石之成功机率 +25%)"", ""幸运(会心一击率 +5%)"", ""翅膀属性"", ""可能的特殊属性："", ""魔法值完全恢复几率提高 +5%"", ""完全恢复生命的概率增加 5%"", ""反弹攻击力几率提高 +5%"", ""无视敌人防御力的概率增加 +5%"", """", ""合成公式"", ""[绑定]三代翅膀/披风"", ""合成相关信息\t合成所需材料"", ""基础成功率:100%"", ""最高成功率:100%"", ""所需奇迹币:250,000"", ""合成NPC:仙踪林 [NPC]玛雅哥布林(180,103)"", ""2代翅膀/披风 (+9以上/追4以上)x1"", ""[绑定]完成的神鹰之魔法溶液 x1"", ""辅助道具(可选)"", ""可产生道具/属性说明"", ""[绑定]暴风之翼 x1"", ""[绑定]幻影之翼 x1"", ""[绑定]时空之翼 x1"", ""[绑定]破灭之翼 x1"", ""[绑定]幻灭之翼 x1"", ""[绑定]次元之翼 x1"", ""[绑定]沉默之翼 x1"", ""[绑定]帝王披风 x1"", ""[绑定]斗皇披风 x1"", ""[绑定]超越披风 x1"", ""[绑定]血羽之翼 x1"", ""[绑定]星月披风 x1"", ""[绑定]先知之翼 x1"", ""[绑定]星魂披风 x1"", ""概率附加幸运属性/追加属性/特殊属性"", ""根据合成的职业产生对应职业的一种道具"", """"]",[],[],"{""+0"": [""防御力: 60"", ""伤害提高 39%"", ""伤害吸收 39%"", ""移动速度提高"", ""耐久：[235/235]"", ""需求等级：400""], ""+1"": [""防御力: 64"", ""伤害提高 41%"", ""伤害吸收 41%"", ""移动速度提高"", ""耐久：[236/236]"", ""需求等级：400""], ""+2"": [""防御力: 68"", ""伤害提高 43%"", ""伤害吸收 43%"", ""移动速度提高"", ""耐久：[237/237]"", ""需求等级：400""], ""+3"": [""防御力: 72"", ""伤害提高 45%"", ""伤害吸收 45%"", ""移动速度提高"", ""耐久：[238/238]"", ""需求等级：400""], ""+4"": [""防御力: 76"", ""伤害提高 47%"", ""伤害吸收 47%"", ""移动速度提高"", ""耐久：[239/239]"", ""需求等级：400""], ""+5"": [""防御力: 80"", ""伤害提高 49%"", ""伤害吸收 49%"", ""移动速度提高"", ""耐久：[241/241]"", ""需求等级：400""], ""+6"": [""防御力: 84"", ""伤害提高 51%"", ""伤害吸收 51%"", ""移动速度提高"", ""耐久：[243/243]"", ""需求等级：400""], ""+7"": [""防御力: 88"", ""伤害提高 53%"", ""伤害吸收 53%"", ""移动速度提高"", ""耐久：[245/245]"", ""需求等级：400""], ""+8"": [""防御力: 92"", ""伤害提高 55%"", ""伤害吸收 55%"", ""移动速度提高"", ""耐久：[247/247]"", ""需求等级：400""], ""+9"": [""防御力: 96"", ""伤害提高 57%"", ""伤害吸收 57%"", ""移动速度提高"", ""耐久：[249/249]"", ""需求等级：400""], ""+10"": [""防御力: 101"", ""伤害提高 59%"", ""伤害吸收 59%"", ""移动速度提高"", ""耐久：[252/252]"", ""需求等级：400""], ""+11"": [""防御力: 107"", ""伤害提高 61%"", ""伤害吸收 61%"", ""移动速度提高"", ""耐久：[255/255]"", ""需求等级：400""], ""+12"": [""防御力: 114"", ""伤害提高 63%"", ""伤害吸收 63%"", ""移动速度提高"", ""耐久：[255/255]"", ""需求等级：400""], ""+13"": [""防御力: 122"", ""伤害提高 65%"", ""伤害吸收 65%"", ""移动速度提高"", ""耐久：[255/255]"", ""需求等级：400""], ""+14"": [""防御力: 131"", ""伤害提高 67%"", ""伤害吸收 67%"", ""移动速度提高"", ""耐久：[255/255]"", ""需求等级：400""], ""+15"": [""防御力: 141"", ""伤害提高 69%"", ""伤害吸收 69%"", ""移动速度提高"", ""耐久：[255/255]"", ""需求等级：400""]}","{""+0"": [""防御力: 141"", ""伤害提高 69%"", ""伤害吸收 69%"", ""移动速度提高"", ""耐久：[255/255]"", ""需求等级：400""], ""+1"": [""防御力: 141"", ""伤害提高 69%"", ""伤害吸收 69%"", ""移动速度提高"", ""耐久：[255/255]"", ""需求等级：400"", ""攻击力/魔法攻击力/诅咒能力增加+4"", ""生命自动回复+1%"", ""防御力增加+4""], ""+2"": [""防御力: 141"", ""伤害提高 69%"", ""伤害吸收 69%"", ""移动速度提高"", ""耐久：[255/255]"", ""需求等级：400"", ""攻击力/魔法攻击力/诅咒能力增加+8"", ""生命自动回复+2%"", ""防御力增加+8""], ""+3"": [""防御力: 141"", ""伤害提高 69%"", ""伤害吸收 69%"", ""移动速度提高"", ""耐久：[255/255]"", ""需求等级：400"", ""攻击力/魔法攻击力/诅咒能力增加+12"", ""生命自动回复+3%"", ""防御力增加+12""], ""+4"": [""防御力: 141"", ""伤害提高 69%"", ""伤害吸收 69%"", ""移动速度提高"", ""耐久：[255/255]"", ""需求等级：400"", ""攻击力/魔法攻击力/诅咒能力增加+16"", ""生命自动回复+4%"", ""防御力增加+16""]}"
善恶的翅膀,https://mu.dvg.cn/item_info.php?id=3672,https://mu.dvg.cn/source/n_itemlitpic/angel_devil_wing.png,output\icons_64x64\善恶的翅膀.png,Wings of Angel and Devil,선악의날개,1012267,12-267,"[""防御力: 100"", ""伤害 增加 60%"", ""伤害 吸收 60%"", ""移动速度提高"", ""需求等级：350""]","[""全职业""]","[""幸运(灵魂宝石之成功机率 +25%)"", ""幸运(会心一击率 +5%)"", ""翅膀属性"", ""可能的特殊属性："", """"]",[],[],"{""+0"": [""防御力: 100"", ""伤害 增加 60%"", ""伤害 吸收 60%"", ""移动速度提高"", ""需求等级：350""], ""+1"": [""防御力: 103"", ""伤害 增加 61%"", ""伤害 吸收 61%"", ""移动速度提高"", ""需求等级：350""], ""+2"": [""防御力: 106"", ""伤害 增加 62%"", ""伤害 吸收 62%"", ""移动速度提高"", ""需求等级：350""], ""+3"": [""防御力: 109"", ""伤害 增加 63%"", ""伤害 吸收 63%"", ""移动速度提高"", ""需求等级：350""], ""+4"": [""防御力: 112"", ""伤害 增加 64%"", ""伤害 吸收 64%"", ""移动速度提高"", ""需求等级：350""], ""+5"": [""防御力: 115"", ""伤害 增加 65%"", ""伤害 吸收 65%"", ""移动速度提高"", ""需求等级：350""], ""+6"": [""防御力: 118"", ""伤害 增加 66%"", ""伤害 吸收 66%"", ""移动速度提高"", ""需求等级：350""], ""+7"": [""防御力: 121"", ""伤害 增加 67%"", ""伤害 吸收 67%"", ""移动速度提高"", ""需求等级：350""], ""+8"": [""防御力: 124"", ""伤害 增加 68%"", ""伤害 吸收 68%"", ""移动速度提高"", ""需求等级：350""], ""+9"": [""防御力: 127"", ""伤害 增加 69%"", ""伤害 吸收 69%"", ""移动速度提高"", ""需求等级：350""], ""+10"": [""防御力: 131"", ""伤害 增加 70%"", ""伤害 吸收 70%"", ""移动速度提高"", ""需求等级：350""], ""+11"": [""防御力: 136"", ""伤害 增加 71%"", ""伤害 吸收 71%"", ""移动速度提高"", ""需求等级：350""], ""+12"": [""防御力: 142"", ""伤害 增加 72%"", ""伤害 吸收 72%"", ""移动速度提高"", ""需求等级：350""], ""+13"": [""防御力: 149"", ""伤害 增加 73%"", ""伤害 吸收 73%"", ""移动速度提高"", ""需求等级：350""], ""+14"": [""防御力: 157"", ""伤害 增加 74%"", ""伤害 吸收 74%"", ""移动速度提高"", ""需求等级：350""], ""+15"": [""防御力: 166"", ""伤害 增加 75%"", ""伤害 吸收 75%"", ""移动速度提高"", ""需求等级：350""]}","{""+0"": [""防御力: 166"", ""伤害 增加 75%"", ""伤害 吸收 75%"", ""移动速度提高"", ""需求等级：350""], ""+1"": [""防御力: 166"", ""伤害 增加 75%"", ""伤害 吸收 75%"", ""移动速度提高"", ""需求等级：350"", ""攻击力/魔法攻击力/诅咒能力增加+4"", ""生命自动回复+1%""], ""+2"": [""防御力: 166"", ""伤害 增加 75%"", ""伤害 吸收 75%"", ""移动速度提高"", ""需求等级：350"", ""攻击力/魔法攻击力/诅咒能力增加+8"", ""生命自动回复+2%""], ""+3"": [""防御力: 166"", ""伤害 增加 75%"", ""伤害 吸收 75%"", ""移动速度提高"", ""需求等级：350"", ""攻击力/魔法攻击力/诅咒能力增加+12"", ""生命自动回复+3%""], ""+4"": [""防御力: 166"", ""伤害 增加 75%"", ""伤害 吸收 75%"", ""移动速度提高"", ""需求等级：350"", ""攻击力/魔法攻击力/诅咒能力增加+16"", ""生命自动回复+4%""]}"
混沌之翼,https://mu.dvg.cn/item_info.php?id=3668,https://mu.dvg.cn/source/n_itemlitpic/chaoswing.png,output\icons_64x64\混沌之翼.png,Wings of Chaos,혼돈의날개,1012263,12-263,"[""防御力: 46"", ""伤害提高33%"", ""吸收伤害值30%"", ""移动速度提高"", ""耐久：[225/225]"", ""需求等级：290""]","[""剑士"", ""魔剑士"", ""疾风""]","[""幸运(灵魂宝石之成功机率 +25%)"", ""幸运(会心一击率 +5%)"", ""翅膀属性"", ""可能的特殊属性："", ""完全恢复生命的概率增加 +5%"", ""无视敌人防御力的概率增加 +3%"", """", ""合成公式"", ""丛林召唤者的皮"", ""合成相关信息\t合成所需材料"", ""基础成功率:60%"", ""最高成功率:70%"", ""所需奇迹币:7,000,000"", ""合成NPC:仙踪林 [NPC]玛雅哥布林(180,103)"", ""2代翅膀/披风 (+9以上/追4以上)x1"", ""丛林召唤者的皮 x1"", ""创造宝石 x1"", ""玛雅之石 x1"", ""辅助道具(可选)"", ""幸运符咒 x1 (10%)"", ""可产生道具/属性说明"", ""混沌之翼 x1"", ""生命之翼 x1"", ""魔力之翼 x1"", ""死亡披风 x1"", ""概率附加幸运属性/追加属性/特殊属性"", ""随机产生结果中一种道具"", ""炽炎魔的灵魂"", ""合成相关信息\t合成所需材料"", ""基础成功率:60%"", ""最高成功率:70%"", ""所需奇迹币:7,000,000"", ""合成NPC:仙踪林 [NPC]玛雅哥布林(180,103)"", ""2代翅膀/披风 (+9以上/追4以上)x1"", ""炽炎魔的灵魂 x1"", ""创造宝石 x1"", ""玛雅之石 x1"", ""辅助道具(可选)"", ""幸运符咒 x1 (10%)"", ""可产生道具/属性说明"", ""混沌之翼 x1"", ""生命之翼 x1"", ""魔力之翼 x1"", ""死亡披风 x1"", ""概率附加幸运属性/追加属性/特殊属性"", ""随机产生结果中一种道具"", ""天魔菲尼斯的火花"", ""合成相关信息\t合成所需材料"", ""基础成功率:60%"", ""最高成功率:70%"", ""所需奇迹币:7,000,000"", ""合成NPC:仙踪林 [NPC]玛雅哥布林(180,103)"", ""2代翅膀/披风 (+9以上/追4以上)x1"", ""天魔菲尼斯的火花 x1"", ""创造宝石 x1"", ""玛雅之石 x1"", ""辅助道具(可选)"", ""幸运符咒 x1 (10%)"", ""可产生道具/属性说明"", ""混沌之翼 x1"", ""生命之翼 x1"", ""魔力之翼 x1"", ""死亡披风 x1"", ""概率附加幸运属性/追加属性/特殊属性"", ""随机产生结果中一种道具"", ""骷髅王骨头"", ""合成相关信息\t合成所需材料"", ""基础成功率:60%"", ""最高成功率:70%"", ""所需奇迹币:7,000,000"", ""合成NPC:仙踪林 [NPC]玛雅哥布林(180,103)"", ""2代翅膀/披风 (+9以上/追4以上)x1"", ""骷髅王骨头 x1"", ""创造宝石 x1"", ""玛雅之石 x1"", ""辅助道具(可选)"", ""幸运符咒 x1 (10%)"", ""可产生道具/属性说明"", ""混沌之翼 x1"", ""生命之翼 x1"", ""魔力之翼 x1"", ""死亡披风 x1"", ""概率附加幸运属性/追加属性/特殊属性"", ""随机产生结果中一种道具"", """"]",[],[],"{""+0"": [""防御力: 46"", ""伤害提高33%"", ""吸收伤害值30%"", ""移动速度提高"", ""耐久：[225/225]"", ""需求等级：290""], ""+1"": [""防御力: 49"", ""伤害提高34%"", ""吸收伤害值32%"", ""移动速度提高"", ""耐久：[226/226]"", ""需求等级：294""], ""+2"": [""防御力: 52"", ""伤害提高35%"", ""吸收伤害值34%"", ""移动速度提高"", ""耐久：[227/227]"", ""需求等级：298""], ""+3"": [""防御力: 55"", ""伤害提高36%"", ""吸收伤害值36%"", ""移动速度提高"", ""耐久：[228/228]"", ""需求等级：302""], ""+4"": [""防御力: 58"", ""伤害提高37%"", ""吸收伤害值38%"", ""移动速度提高"", ""耐久：[229/229]"", ""需求等级：306""], ""+5"": [""防御力: 61"", ""伤害提高38%"", ""吸收伤害值40%"", ""移动速度提高"", ""耐久：[231/231]"", ""需求等级：310""], ""+6"": [""防御力: 64"", ""伤害提高39%"", ""吸收伤害值42%"", ""移动速度提高"", ""耐久：[233/233]"", ""需求等级：314""], ""+7"": [""防御力: 67"", ""伤害提高40%"", ""吸收伤害值44%"", ""移动速度提高"", ""耐久：[235/235]"", ""需求等级：318""], ""+8"": [""防御力: 70"", ""伤害提高41%"", ""吸收伤害值46%"", ""移动速度提高"", ""耐久：[237/237]"", ""需求等级：322""], ""+9"": [""防御力: 73"", ""伤害提高42%"", ""吸收伤害值48%"", ""移动速度提高"", ""耐久：[239/239]"", ""需求等级：326""], ""+10"": [""防御力: 77"", ""伤害提高43%"", ""吸收伤害值50%"", ""移动速度提高"", ""耐久：[242/242]"", ""需求等级：330""], ""+11"": [""防御力: 82"", ""伤害提高44%"", ""吸收伤害值52%"", ""移动速度提高"", ""耐久：[246/246]"", ""需求等级：334""], ""+12"": [""防御力: 88"", ""伤害提高45%"", ""吸收伤害值54%"", ""移动速度提高"", ""耐久：[251/251]"", ""需求等级：338""], ""+13"": [""防御力: 95"", ""伤害提高46%"", ""吸收伤害值56%"", ""移动速度提高"", ""耐久：[255/255]"", ""需求等级：342""], ""+14"": [""防御力: 103"", ""伤害提高47%"", ""吸收伤害值58%"", ""移动速度提高"", ""耐久：[255/255]"", ""需求等级：346""], ""+15"": [""防御力: 112"", ""伤害提高48%"", ""吸收伤害值60%"", ""移动速度提高"", ""耐久：[255/255]"", ""需求等级：350""]}","{""+0"": [""防御力: 112"", ""伤害提高48%"", ""吸收伤害值60%"", ""移动速度提高"", ""耐久：[255/255]"", ""需求等级：350""], ""+1"": [""防御力: 112"", ""伤害提高48%"", ""吸收伤害值60%"", ""移动速度提高"", ""耐久：[255/255]"", ""需求等级：350"", ""攻击力/魔法攻击力/诅咒能力增加+4"", ""生命自动回复+1%""], ""+2"": [""防御力: 112"", ""伤害提高48%"", ""吸收伤害值60%"", ""移动速度提高"", ""耐久：[255/255]"", ""需求等级：350"", ""攻击力/魔法攻击力/诅咒能力增加+8"", ""生命自动回复+2%""], ""+3"": [""防御力: 112"", ""伤害提高48%"", ""吸收伤害值60%"", ""移动速度提高"", ""耐久：[255/255]"", ""需求等级：350"", ""攻击力/魔法攻击力/诅咒能力增加+12"", ""生命自动回复+3%""], ""+4"": [""防御力: 112"", ""伤害提高48%"", ""吸收伤害值60%"", ""移动速度提高"", ""耐久：[255/255]"", ""需求等级：350"", ""攻击力/魔法攻击力/诅咒能力增加+16"", ""生命自动回复+4%""]}"
飞龙之翼,https://mu.dvg.cn/item_info.php?id=3546,https://mu.dvg.cn/source/n_itemlitpic/wing06.png,output\icons_64x64\飞龙之翼.png,Wings of Dragon,드라곤의날개,1012005,12-5,"[""防御力: 45"", ""伤害提高 32%"", ""伤害吸收 25%"", ""移动速度提高"", ""耐久：[215/215]"", ""需求等级：215""]","[""剑士"", ""疾风""]","[""幸运(灵魂宝石之成功机率 +25%)"", ""幸运(会心一击率 +5%)"", ""翅膀属性"", ""可能的特殊属性："", ""无视敌人防御力的概率增加 +3%"", ""魔法值增加 50+(强化等级)*5"", ""生命值增加 50+(强化等级)*5"", """", ""合成公式"", ""合成二代翅膀/披风"", ""合成相关信息\t合成所需材料"", ""基础成功率:53%"", ""最高成功率:90%(100%)"", ""所需奇迹币:10,000,000"", ""合成NPC:仙踪林 [NPC]玛雅哥布林(180,103)"", ""2代翅膀圣物 x1"", ""辅助道具(可选)"", ""中级魔晶石 x1 (5%)"", ""幸运符咒 x1 (10%)"", ""飞龙之翼合成符咒 x1 (100%)"", ""魔魂之翼合成符咒 x1 (100%)"", ""圣灵之翼合成符咒 x1 (100%)"", ""绝望之翼合成符咒 x1 (100%)"", ""暗黑之翼合成符咒 x1 (100%)"", ""王者披风合成符咒 x1 (100%)"", ""可产生道具/属性说明"", ""飞龙之翼 x1"", ""魔魂之翼 x1"", ""圣灵之翼 x1"", ""绝望之翼 x1"", ""暗黑之翼 x1"", ""王者披风 x1"", ""武者披风 x1"", ""极限披风 x1"", ""虔诚披风 x1"", ""黑耀披风 x1"", ""概率附加幸运属性/追加属性/特殊属性"", ""随机产生结果中一种道具"", ""如使用翅膀合成符咒则根据符咒指定产生对应的道具"", """"]",[],[],"{""+0"": [""防御力: 45"", ""伤害提高 32%"", ""伤害吸收 25%"", ""移动速度提高"", ""耐久：[215/215]"", ""需求等级：215""], ""+1"": [""防御力: 47"", ""伤害提高 33%"", ""伤害吸收 27%"", ""移动速度提高"", ""耐久：[216/216]"", ""需求等级：220""], ""+2"": [""防御力: 49"", ""伤害提高 34%"", ""伤害吸收 29%"", ""移动速度提高"", ""耐久：[217/217]"", ""需求等级：225""], ""+3"": [""防御力: 51"", ""伤害提高 35%"", ""伤害吸收 31%"", ""移动速度提高"", ""耐久：[218/218]"", ""需求等级：230""], ""+4"": [""防御力: 53"", ""伤害提高 36%"", ""伤害吸收 33%"", ""移动速度提高"", ""耐久：[219/219]"", ""需求等级：235""], ""+5"": [""防御力: 55"", ""伤害提高 37%"", ""伤害吸收 35%"", ""移动速度提高"", ""耐久：[221/221]"", ""需求等级：240""], ""+6"": [""防御力: 57"", ""伤害提高 38%"", ""伤害吸收 37%"", ""移动速度提高"", ""耐久：[223/223]"", ""需求等级：245""], ""+7"": [""防御力: 59"", ""伤害提高 39%"", ""伤害吸收 39%"", ""移动速度提高"", ""耐久：[225/225]"", ""需求等级：250""], ""+8"": [""防御力: 61"", ""伤害提高 40%"", ""伤害吸收 41%"", ""移动速度提高"", ""耐久：[227/227]"", ""需求等级：255""], ""+9"": [""防御力: 63"", ""伤害提高 41%"", ""伤害吸收 43%"", ""移动速度提高"", ""耐久：[229/229]"", ""需求等级：260""], ""+10"": [""防御力: 67"", ""伤害提高 42%"", ""伤害吸收 45%"", ""移动速度提高"", ""耐久：[232/232]"", ""需求等级：265""], ""+11"": [""防御力: 72"", ""伤害提高 43%"", ""伤害吸收 47%"", ""移动速度提高"", ""耐久：[236/236]"", ""需求等级：270""], ""+12"": [""防御力: 78"", ""伤害提高 44%"", ""伤害吸收 49%"", ""移动速度提高"", ""耐久：[241/241]"", ""需求等级：275""], ""+13"": [""防御力: 85"", ""伤害提高 45%"", ""伤害吸收 51%"", ""移动速度提高"", ""耐久：[247/247]"", ""需求等级：280""], ""+14"": [""防御力: 93"", ""伤害提高 46%"", ""伤害吸收 53%"", ""移动速度提高"", ""耐久：[254/254]"", ""需求等级：285""], ""+15"": [""防御力: 102"", ""伤害提高 47%"", ""伤害吸收 55%"", ""移动速度提高"", ""耐久：[255/255]"", ""需求等级：290""]}","{""+0"": [""防御力: 102"", ""伤害提高 47%"", ""伤害吸收 55%"", ""移动速度提高"", ""耐久：[255/255]"", ""需求等级：290""], ""+1"": [""防御力: 102"", ""伤害提高 47%"", ""伤害吸收 55%"", ""移动速度提高"", ""耐久：[255/255]"", ""需求等级：290"", ""攻击力/魔法攻击力/诅咒能力增加+4"", ""生命自动回复+1%""], ""+2"": [""防御力: 102"", ""伤害提高 47%"", ""伤害吸收 55%"", ""移动速度提高"", ""耐久：[255/255]"", ""需求等级：290"", ""攻击力/魔法攻击力/诅咒能力增加+8"", ""生命自动回复+2%""], ""+3"": [""防御力: 102"", ""伤害提高 47%"", ""伤害吸收 55%"", ""移动速度提高"", ""耐久：[255/255]"", ""需求等级：290"", ""攻击力/魔法攻击力/诅咒能力增加+12"", ""生命自动回复+3%""], ""+4"": [""防御力: 102"", ""伤害提高 47%"", ""伤害吸收 55%"", ""移动速度提高"", ""耐久：[255/255]"", ""需求等级：290"", ""攻击力/魔法攻击力/诅咒能力增加+16"", ""生命自动回复+4%""]}"
[绑定]飞龙之翼,https://mu.dvg.cn/item_info.php?id=3750,https://mu.dvg.cn/source/n_itemlitpic/wing06.png,output\icons_64x64\[绑定]飞龙之翼.png,[Bound]Wings of Dragon,[귀속]드라곤의날개,1012423,12-423,"[""防御力: 45"", ""伤害提高 32%"", ""伤害吸收 25%"", ""移动速度提高"", ""耐久：[215/215]"", ""需求等级：215""]","[""剑士"", ""疾风""]","[""幸运(灵魂宝石之成功机率 +25%)"", ""幸运(会心一击率 +5%)"", ""翅膀属性"", ""可能的特殊属性："", ""无视敌人防御力的概率增加 +3%"", ""魔法值增加 50+(强化等级)*5"", ""生命值增加 50+(强化等级)*5"", """", ""合成公式"", ""[绑定]二代翅膀/披风"", ""合成相关信息\t合成所需材料"", ""基础成功率:100%"", ""最高成功率:100%"", ""所需奇迹币:100,000"", ""合成NPC:仙踪林 [NPC]玛雅哥布林(180,103)"", ""1代翅膀/披风 (+9以上/追4以上)x1"", ""[绑定]完成的洛克之魔法溶液 x1"", ""辅助道具(可选)"", ""可产生道具/属性说明"", ""[绑定]飞龙之翼 x1"", ""[绑定]魔魂之翼 x1"", ""[绑定]圣灵之翼 x1"", ""[绑定]绝望之翼 x1"", ""[绑定]暗黑之翼 x1"", ""[绑定]王者披风 x1"", ""[绑定]武者披风 x1"", ""[绑定]极限披风 x1"", ""[绑定]虔诚披风 x1"", ""[绑定]黑耀披风 x1"", ""概率附加幸运属性/追加属性/特殊属性"", ""根据合成的职业产生对应职业的一种道具"", """"]",[],[],"{""+0"": [""防御力: 45"", ""伤害提高 32%"", ""伤害吸收 25%"", ""移动速度提高"", ""耐久：[215/215]"", ""需求等级：215""], ""+1"": [""防御力: 47"", ""伤害提高 33%"", ""伤害吸收 27%"", ""移动速度提高"", ""耐久：[216/216]"", ""需求等级：220""], ""+2"": [""防御力: 49"", ""伤害提高 34%"", ""伤害吸收 29%"", ""移动速度提高"", ""耐久：[217/217]"", ""需求等级：225""], ""+3"": [""防御力: 51"", ""伤害提高 35%"", ""伤害吸收 31%"", ""移动速度提高"", ""耐久：[218/218]"", ""需求等级：230""], ""+4"": [""防御力: 53"", ""伤害提高 36%"", ""伤害吸收 33%"", ""移动速度提高"", ""耐久：[219/219]"", ""需求等级：235""], ""+5"": [""防御力: 55"", ""伤害提高 37%"", ""伤害吸收 35%"", ""移动速度提高"", ""耐久：[221/221]"", ""需求等级：240""], ""+6"": [""防御力: 57"", ""伤害提高 38%"", ""伤害吸收 37%"", ""移动速度提高"", ""耐久：[223/223]"", ""需求等级：245""], ""+7"": [""防御力: 59"", ""伤害提高 39%"", ""伤害吸收 39%"", ""移动速度提高"", ""耐久：[225/225]"", ""需求等级：250""], ""+8"": [""防御力: 61"", ""伤害提高 40%"", ""伤害吸收 41%"", ""移动速度提高"", ""耐久：[227/227]"", ""需求等级：255""], ""+9"": [""防御力: 63"", ""伤害提高 41%"", ""伤害吸收 43%"", ""移动速度提高"", ""耐久：[229/229]"", ""需求等级：260""], ""+10"": [""防御力: 67"", ""伤害提高 42%"", ""伤害吸收 45%"", ""移动速度提高"", ""耐久：[232/232]"", ""需求等级：265""], ""+11"": [""防御力: 72"", ""伤害提高 43%"", ""伤害吸收 47%"", ""移动速度提高"", ""耐久：[236/236]"", ""需求等级：270""], ""+12"": [""防御力: 78"", ""伤害提高 44%"", ""伤害吸收 49%"", ""移动速度提高"", ""耐久：[241/241]"", ""需求等级：275""], ""+13"": [""防御力: 85"", ""伤害提高 45%"", ""伤害吸收 51%"", ""移动速度提高"", ""耐久：[247/247]"", ""需求等级：280""], ""+14"": [""防御力: 93"", ""伤害提高 46%"", ""伤害吸收 53%"", ""移动速度提高"", ""耐久：[254/254]"", ""需求等级：285""], ""+15"": [""防御力: 102"", ""伤害提高 47%"", ""伤害吸收 55%"", ""移动速度提高"", ""耐久：[255/255]"", ""需求等级：290""]}","{""+0"": [""防御力: 102"", ""伤害提高 47%"", ""伤害吸收 55%"", ""移动速度提高"", ""耐久：[255/255]"", ""需求等级：290""], ""+1"": [""防御力: 102"", ""伤害提高 47%"", ""伤害吸收 55%"", ""移动速度提高"", ""耐久：[255/255]"", ""需求等级：290"", ""攻击力/魔法攻击力/诅咒能力增加+4"", ""生命自动回复+1%""], ""+2"": [""防御力: 102"", ""伤害提高 47%"", ""伤害吸收 55%"", ""移动速度提高"", ""耐久：[255/255]"", ""需求等级：290"", ""攻击力/魔法攻击力/诅咒能力增加+8"", ""生命自动回复+2%""], ""+3"": [""防御力: 102"", ""伤害提高 47%"", ""伤害吸收 55%"", ""移动速度提高"", ""耐久：[255/255]"", ""需求等级：290"", ""攻击力/魔法攻击力/诅咒能力增加+12"", ""生命自动回复+3%""], ""+4"": [""防御力: 102"", ""伤害提高 47%"", ""伤害吸收 55%"", ""移动速度提高"", ""耐久：[255/255]"", ""需求等级：290"", ""攻击力/魔法攻击力/诅咒能力增加+16"", ""生命自动回复+4%""]}"
恶魔之翼,https://mu.dvg.cn/item_info.php?id=3543,https://mu.dvg.cn/source/n_itemlitpic/wing03.png,output\icons_64x64\恶魔之翼.png,Wings of Satan,사탄날개,1012002,12-2,"[""防御力: 20"", ""伤害提高 12%"", ""伤害吸收 12%"", ""移动速度提高"", ""耐久：[215/215]"", ""需求等级：180""]","[""剑士"", ""魔剑士"", ""疾风""]","[""幸运(灵魂宝石之成功机率 +25%)"", ""幸运(会心一击率 +5%)"", ""翅膀属性"", ""可能的特殊属性："", ""无"", """", ""合成公式"", ""合成一代翅膀/披风"", ""合成相关信息\t合成所需材料"", ""基础成功率:20%"", ""最高成功率:100%"", ""所需奇迹币:1,000,000"", ""合成NPC:仙踪林 [NPC]玛雅哥布林(180,103)"", ""1代翅膀圣物 x1"", ""辅助道具(可选)"", ""低级魔晶石 x1 (5%)"", ""幸运符咒 x1 (10%)"", ""恶魔之翼合成符咒 x1 (100%)"", ""天使之翼合成符咒 x1 (100%)"", ""精灵之翼合成符咒 x1 (100%)"", ""灾难之翼合成符咒 x1 (100%)"", ""可产生道具/属性说明"", ""精灵之翼 x1"", ""天使之翼 x1"", ""恶魔之翼 x1"", ""灾难之翼 x1"", ""纯洁披风 x1"", ""铁幕披风 x1"", ""概率附加幸运属性/追加属性"", ""随机产生结果中一种道具"", ""如使用翅膀合成符咒则根据符咒指定产生对应的道具"", """"]",[],[],"{""+0"": [""防御力: 20"", ""伤害提高 12%"", ""伤害吸收 12%"", ""移动速度提高"", ""耐久：[215/215]"", ""需求等级：180""], ""+1"": [""防御力: 23"", ""伤害提高 14%"", ""伤害吸收 14%"", ""移动速度提高"", ""耐久：[216/216]"", ""需求等级：184""], ""+2"": [""防御力: 26"", ""伤害提高 16%"", ""伤害吸收 16%"", ""移动速度提高"", ""耐久：[217/217]"", ""需求等级：188""], ""+3"": [""防御力: 29"", ""伤害提高 18%"", ""伤害吸收 18%"", ""移动速度提高"", ""耐久：[218/218]"", ""需求等级：192""], ""+4"": [""防御力: 32"", ""伤害提高 20%"", ""伤害吸收 20%"", ""移动速度提高"", ""耐久：[219/219]"", ""需求等级：196""], ""+5"": [""防御力: 35"", ""伤害提高 22%"", ""伤害吸收 22%"", ""移动速度提高"", ""耐久：[221/221]"", ""需求等级：200""], ""+6"": [""防御力: 38"", ""伤害提高 24%"", ""伤害吸收 24%"", ""移动速度提高"", ""耐久：[223/223]"", ""需求等级：204""], ""+7"": [""防御力: 41"", ""伤害提高 26%"", ""伤害吸收 26%"", ""移动速度提高"", ""耐久：[225/225]"", ""需求等级：208""], ""+8"": [""防御力: 44"", ""伤害提高 28%"", ""伤害吸收 28%"", ""移动速度提高"", ""耐久：[227/227]"", ""需求等级：212""], ""+9"": [""防御力: 47"", ""伤害提高 30%"", ""伤害吸收 30%"", ""移动速度提高"", ""耐久：[229/229]"", ""需求等级：216""], ""+10"": [""防御力: 51"", ""伤害提高 32%"", ""伤害吸收 32%"", ""移动速度提高"", ""耐久：[232/232]"", ""需求等级：220""], ""+11"": [""防御力: 56"", ""伤害提高 34%"", ""伤害吸收 34%"", ""移动速度提高"", ""耐久：[236/236]"", ""需求等级：224""], ""+12"": [""防御力: 62"", ""伤害提高 36%"", ""伤害吸收 36%"", ""移动速度提高"", ""耐久：[241/241]"", ""需求等级：228""], ""+13"": [""防御力: 69"", ""伤害提高 38%"", ""伤害吸收 38%"", ""移动速度提高"", ""耐久：[247/247]"", ""需求等级：232""], ""+14"": [""防御力: 77"", ""伤害提高 40%"", ""伤害吸收 40%"", ""移动速度提高"", ""耐久：[254/254]"", ""需求等级：236""], ""+15"": [""防御力: 86"", ""伤害提高 42%"", ""伤害吸收 42%"", ""移动速度提高"", ""耐久：[255/255]"", ""需求等级：240""]}","{""+0"": [""防御力: 86"", ""伤害提高 42%"", ""伤害吸收 42%"", ""移动速度提高"", ""耐久：[255/255]"", ""需求等级：240""], ""+1"": [""防御力: 86"", ""伤害提高 42%"", ""伤害吸收 42%"", ""移动速度提高"", ""耐久：[255/255]"", ""需求等级：240"", ""攻击力/魔法攻击力/诅咒能力增加+4"", ""生命自动回复+1%""], ""+2"": [""防御力: 86"", ""伤害提高 42%"", ""伤害吸收 42%"", ""移动速度提高"", ""耐久：[255/255]"", ""需求等级：240"", ""攻击力/魔法攻击力/诅咒能力增加+8"", ""生命自动回复+2%""], ""+3"": [""防御力: 86"", ""伤害提高 42%"", ""伤害吸收 42%"", ""移动速度提高"", ""耐久：[255/255]"", ""需求等级：240"", ""攻击力/魔法攻击力/诅咒能力增加+12"", ""生命自动回复+3%""], ""+4"": [""防御力: 86"", ""伤害提高 42%"", ""伤害吸收 42%"", ""移动速度提高"", ""耐久：[255/255]"", ""需求等级：240"", ""攻击力/魔法攻击力/诅咒能力增加+16"", ""生命自动回复+4%""]}"
小恶魔之翼,https://mu.dvg.cn/item_info.php?id=3629,https://mu.dvg.cn/source/n_itemlitpic/devil_wing.png,output\icons_64x64\小恶魔之翼.png,Small Wings of Satan,작은사탄의날개,1012134,12-134,"[""防御力: 20"", ""伤害提高 20%"", ""伤害吸收 20%"", ""移动速度提高"", ""需求等级：180""]","[""剑士"", ""魔剑士"", ""疾风""]","[""幸运(灵魂宝石之成功机率 +25%)"", ""幸运(会心一击率 +5%)"", ""翅膀属性"", ""可能的特殊属性："", """"]",[],[],"{""+0"": [""防御力: 20"", ""伤害提高 20%"", ""伤害吸收 20%"", ""移动速度提高"", ""需求等级：180""], ""+1"": [""防御力: 23"", ""伤害提高 22%"", ""伤害吸收 22%"", ""移动速度提高"", ""需求等级：184""], ""+2"": [""防御力: 26"", ""伤害提高 24%"", ""伤害吸收 24%"", ""移动速度提高"", ""需求等级：188""], ""+3"": [""防御力: 29"", ""伤害提高 26%"", ""伤害吸收 26%"", ""移动速度提高"", ""需求等级：192""], ""+4"": [""防御力: 32"", ""伤害提高 28%"", ""伤害吸收 28%"", ""移动速度提高"", ""需求等级：196""], ""+5"": [""防御力: 35"", ""伤害提高 30%"", ""伤害吸收 30%"", ""移动速度提高"", ""需求等级：200""], ""+6"": [""防御力: 38"", ""伤害提高 32%"", ""伤害吸收 32%"", ""移动速度提高"", ""需求等级：204""], ""+7"": [""防御力: 41"", ""伤害提高 34%"", ""伤害吸收 34%"", ""移动速度提高"", ""需求等级：208""], ""+8"": [""防御力: 44"", ""伤害提高 36%"", ""伤害吸收 36%"", ""移动速度提高"", ""需求等级：212""], ""+9"": [""防御力: 47"", ""伤害提高 38%"", ""伤害吸收 38%"", ""移动速度提高"", ""需求等级：216""], ""+10"": [""防御力: 51"", ""伤害提高 40%"", ""伤害吸收 40%"", ""移动速度提高"", ""需求等级：220""], ""+11"": [""防御力: 56"", ""伤害提高 42%"", ""伤害吸收 42%"", ""移动速度提高"", ""需求等级：224""], ""+12"": [""防御力: 62"", ""伤害提高 44%"", ""伤害吸收 44%"", ""移动速度提高"", ""需求等级：228""], ""+13"": [""防御力: 69"", ""伤害提高 46%"", ""伤害吸收 46%"", ""移动速度提高"", ""需求等级：232""], ""+14"": [""防御力: 77"", ""伤害提高 48%"", ""伤害吸收 48%"", ""移动速度提高"", ""需求等级：236""], ""+15"": [""防御力: 86"", ""伤害提高 50%"", ""伤害吸收 50%"", ""移动速度提高"", ""需求等级：240""]}","{""+0"": [""防御力: 86"", ""伤害提高 50%"", ""伤害吸收 50%"", ""移动速度提高"", ""需求等级：240""], ""+1"": [""防御力: 86"", ""伤害提高 50%"", ""伤害吸收 50%"", ""移动速度提高"", ""需求等级：240"", ""攻击力/魔法攻击力/诅咒能力增加+4"", ""生命自动回复+1%""], ""+2"": [""防御力: 86"", ""伤害提高 50%"", ""伤害吸收 50%"", ""移动速度提高"", ""需求等级：240"", ""攻击力/魔法攻击力/诅咒能力增加+8"", ""生命自动回复+2%""], ""+3"": [""防御力: 86"", ""伤害提高 50%"", ""伤害吸收 50%"", ""移动速度提高"", ""需求等级：240"", ""攻击力/魔法攻击力/诅咒能力增加+12"", ""生命自动回复+3%""], ""+4"": [""防御力: 86"", ""伤害提高 50%"", ""伤害吸收 50%"", ""移动速度提高"", ""需求等级：240"", ""攻击力/魔法攻击力/诅咒能力增加+16"", ""生命自动回复+4%""]}"
征服者的翅膀,https://mu.dvg.cn/item_info.php?id=3671,https://mu.dvg.cn/source/n_itemlitpic/conquerorwing.png,output\icons_64x64\征服者的翅膀.png,Wings of Conqueror,정복자의날개,1012266,12-266,"[""防御力: 200"", ""伤害提高 71%"", ""伤害吸收 71%"", ""移动速度提高"", ""需求等级：1""]","[""全职业""]","[""幸运(灵魂宝石之成功机率 +25%)"", ""幸运(会心一击率 +5%)"", ""翅膀属性"", ""可能的特殊属性："", ""攻击成功时， HP减少 3 (概率获得)"", ""完全恢复生命的概率增加 +5% (100%获得)"", ""反弹攻击力几率提高 +5% (100%获得)"", ""无视敌人防御力的概率增加 +5% (100%获得)"", ""幸运选项 (100%获得)"", ""生命自动恢复+4% (100%获得)"", """"]",[],[],"{""+0"": [""防御力: 200"", ""伤害提高 71%"", ""伤害吸收 71%"", ""移动速度提高"", ""需求等级：1""], ""+1"": [""防御力: 203"", ""伤害提高 71%"", ""伤害吸收 71%"", ""移动速度提高"", ""需求等级：1""], ""+2"": [""防御力: 206"", ""伤害提高 71%"", ""伤害吸收 71%"", ""移动速度提高"", ""需求等级：1""], ""+3"": [""防御力: 209"", ""伤害提高 71%"", ""伤害吸收 71%"", ""移动速度提高"", ""需求等级：1""], ""+4"": [""防御力: 212"", ""伤害提高 71%"", ""伤害吸收 71%"", ""移动速度提高"", ""需求等级：1""], ""+5"": [""防御力: 215"", ""伤害提高 71%"", ""伤害吸收 71%"", ""移动速度提高"", ""需求等级：1""], ""+6"": [""防御力: 218"", ""伤害提高 71%"", ""伤害吸收 71%"", ""移动速度提高"", ""需求等级：1""], ""+7"": [""防御力: 221"", ""伤害提高 71%"", ""伤害吸收 71%"", ""移动速度提高"", ""需求等级：1""], ""+8"": [""防御力: 224"", ""伤害提高 71%"", ""伤害吸收 71%"", ""移动速度提高"", ""需求等级：1""], ""+9"": [""防御力: 227"", ""伤害提高 71%"", ""伤害吸收 71%"", ""移动速度提高"", ""需求等级：1""], ""+10"": [""防御力: 231"", ""伤害提高 71%"", ""伤害吸收 71%"", ""移动速度提高"", ""需求等级：1""], ""+11"": [""防御力: 236"", ""伤害提高 71%"", ""伤害吸收 71%"", ""移动速度提高"", ""需求等级：1""], ""+12"": [""防御力: 242"", ""伤害提高 71%"", ""伤害吸收 71%"", ""移动速度提高"", ""需求等级：1""], ""+13"": [""防御力: 249"", ""伤害提高 71%"", ""伤害吸收 71%"", ""移动速度提高"", ""需求等级：1""], ""+14"": [""防御力: 257"", ""伤害提高 71%"", ""伤害吸收 71%"", ""移动速度提高"", ""需求等级：1""], ""+15"": [""防御力: 266"", ""伤害提高 71%"", ""伤害吸收 71%"", ""移动速度提高"", ""需求等级：1""]}","{""+0"": [""防御力: 266"", ""伤害提高 71%"", ""伤害吸收 71%"", ""移动速度提高"", ""需求等级：1""], ""+1"": [""防御力: 266"", ""伤害提高 71%"", ""伤害吸收 71%"", ""移动速度提高"", ""需求等级：1"", ""攻击力/魔法攻击力/诅咒能力增加+4"", ""生命自动回复+1%""], ""+2"": [""防御力: 266"", ""伤害提高 71%"", ""伤害吸收 71%"", ""移动速度提高"", ""需求等级：1"", ""攻击力/魔法攻击力/诅咒能力增加+8"", ""生命自动回复+2%""], ""+3"": [""防御力: 266"", ""伤害提高 71%"", ""伤害吸收 71%"", ""移动速度提高"", ""需求等级：1"", ""攻击力/魔法攻击力/诅咒能力增加+12"", ""生命自动回复+3%""], ""+4"": [""防御力: 266"", ""伤害提高 71%"", ""伤害吸收 71%"", ""移动速度提高"", ""需求等级：1"", ""攻击力/魔法攻击力/诅咒能力增加+16"", ""生命自动回复+4%""]}"
